customer_id,customer_name,total_purchase
93094,Customer_93094,181569.68
64560,Customer_64560,169060.39999999997
23289,Customer_23289,161573.80000000002
52275,Customer_52275,153364.78999999998
61218,Customer_61218,153067.55
52034,Customer_52034,152680.05
40442,Customer_40442,151037.32
60528,Customer_60528,148691.95
84830,Customer_84830,148363.84
82593,Customer_82593,148281.03999999998
