month,total_sales
1,4.445777757600032E8
2,4.153661441999996E8
3,4.436282454099993E8
4,4.2782097433999574E8
5,4.4481061894999886E8
6,4.317051540600023E8
7,4.436705191199994E8
8,4.4109517702000153E8
9,4.310715260799986E8
10,4.4136378931000113E8
11,4.336233640400014E8
12,4.427129083499967E8
