category,total_sales
Beauty,7.626693058999963E8
Home & Kitchen,7.581388732799902E8
Books,7.464907783499908E8
Toys,7.446190722999846E8
Electronics,7.442665041099958E8
Sports,7.433388681300008E8
Clothing,7.419227945699946E8
